pair	singleton	margin	macro_f05	singleton_f05	nonsingleton_f05	pred_singleton_rate	mean_matches
0.85	0.9	0.1	0.05584959353277567	1.0	0.0	1.0	0.0
0.85	0.91	0.1	0.05584959353277567	1.0	0.0	1.0	0.0
0.85	0.92	0.1	0.05584959353277567	1.0	0.0	1.0	0.0
0.85	0.93	0.1	0.05584959353277567	1.0	0.0	1.0	0.0
0.85	0.94	0.1	0.05584959353277567	1.0	0.0	1.0	0.0
0.85	0.95	0.1	0.05584959353277567	1.0	0.0	1.0	0.0
0.86	0.9	0.1	0.05584959353277567	1.0	0.0	1.0	0.0
0.86	0.91	0.1	0.05584959353277567	1.0	0.0	1.0	0.0
0.86	0.92	0.1	0.05584959353277567	1.0	0.0	1.0	0.0
0.86	0.93	0.1	0.05584959353277567	1.0	0.0	1.0	0.0
0.86	0.94	0.1	0.05584959353277567	1.0	0.0	1.0	0.0
0.86	0.95	0.1	0.05584959353277567	1.0	0.0	1.0	0.0
0.87	0.9	0.1	0.05584959353277567	1.0	0.0	1.0	0.0
0.87	0.91	0.1	0.05584959353277567	1.0	0.0	1.0	0.0
0.87	0.92	0.1	0.05584959353277567	1.0	0.0	1.0	0.0
0.87	0.93	0.1	0.05584959353277567	1.0	0.0	1.0	0.0
0.87	0.94	0.1	0.05584959353277567	1.0	0.0	1.0	0.0
0.87	0.95	0.1	0.05584959353277567	1.0	0.0	1.0	0.0
0.88	0.9	0.1	0.05584959353277567	1.0	0.0	1.0	0.0
0.88	0.91	0.1	0.05584959353277567	1.0	0.0	1.0	0.0
0.88	0.92	0.1	0.05584959353277567	1.0	0.0	1.0	0.0
0.88	0.93	0.1	0.05584959353277567	1.0	0.0	1.0	0.0
0.88	0.94	0.1	0.05584959353277567	1.0	0.0	1.0	0.0
0.88	0.95	0.1	0.05584959353277567	1.0	0.0	1.0	0.0
0.89	0.9	0.1	0.05584959353277567	1.0	0.0	1.0	0.0
0.89	0.91	0.1	0.05584959353277567	1.0	0.0	1.0	0.0
0.89	0.92	0.1	0.05584959353277567	1.0	0.0	1.0	0.0
0.89	0.93	0.1	0.05584959353277567	1.0	0.0	1.0	0.0
0.89	0.94	0.1	0.05584959353277567	1.0	0.0	1.0	0.0
0.89	0.95	0.1	0.05584959353277567	1.0	0.0	1.0	0.0
0.9	0.9	0.1	0.05584959353277567	1.0	0.0	1.0	0.0
0.9	0.91	0.1	0.05584959353277567	1.0	0.0	1.0	0.0
0.9	0.92	0.1	0.05584959353277567	1.0	0.0	1.0	0.0
0.9	0.93	0.1	0.05584959353277567	1.0	0.0	1.0	0.0
0.9	0.94	0.1	0.05584959353277567	1.0	0.0	1.0	0.0
0.9	0.95	0.1	0.05584959353277567	1.0	0.0	1.0	0.0
0.91	0.91	0.1	0.05584959353277567	1.0	0.0	1.0	0.0
0.91	0.92	0.1	0.05584959353277567	1.0	0.0	1.0	0.0
0.91	0.93	0.1	0.05584959353277567	1.0	0.0	1.0	0.0
0.91	0.94	0.1	0.05584959353277567	1.0	0.0	1.0	0.0
0.91	0.95	0.1	0.05584959353277567	1.0	0.0	1.0	0.0
0.92	0.92	0.1	0.05584959353277567	1.0	0.0	1.0	0.0
0.92	0.93	0.1	0.05584959353277567	1.0	0.0	1.0	0.0
0.92	0.94	0.1	0.05584959353277567	1.0	0.0	1.0	0.0
0.92	0.95	0.1	0.05584959353277567	1.0	0.0	1.0	0.0
0.93	0.93	0.1	0.05584959353277567	1.0	0.0	1.0	0.0
0.93	0.94	0.1	0.05584959353277567	1.0	0.0	1.0	0.0
0.93	0.95	0.1	0.05584959353277567	1.0	0.0	1.0	0.0
0.94	0.94	0.1	0.05584959353277567	1.0	0.0	1.0	0.0
0.94	0.95	0.1	0.05584959353277567	1.0	0.0	1.0	0.0
0.95	0.95	0.1	0.05584959353277567	1.0	0.0	1.0	0.0
